CustomerID,CompanyName,FirstName,LastName,Email,Phone,Street,City,State,ZIP
XC05,JBrooks LLC,Jamie,Brooks,Brooks.Jamie@datacompany.com,680.697.7871x796,323 Hughes Key Apt. 588,Edwardfurt,Arkansas,40918
MB09,ARoth LLC,Alexander,Roth,Roth.Alexander@datacompany.com,(399)558-4756,705 Peterson Overpass,Ramirezland,Alaska,15837
DD83,JJohnson LLC,James,Johnson,Johnson.James@datacompany.com,217-724-9408x599,4667 Robertson Islands Suite 199,Kennedyshire,Pennsylvania,94548
DX48,JTorres LLC,Joshua,Torres,Torres.Joshua@datacompany.com,+1-881-692-1270x8760,1318 Park Place,North Karinaport,Kansas,31566
IJ10,DDavidson LLC,Dawn,Davidson,Davidson.Dawn@datacompany.com,791-339-1712,966 Justin Inlet Apt. 150,Emmashire,Kentucky,39771
YX30,JMeyer LLC,Jennifer,Meyer,Meyer.Jennifer@datacompany.com,9277176202,63928 Stewart Knoll,South Ericfurt,Michigan,93056
UI89,VMoore LLC,Vanessa,Moore,Moore.Vanessa@datacompany.com,+1-879-658-1399x9138,7053 Mark Heights Suite 969,Anthonytown,Louisiana,47696
DJ28,KSimmons LLC,Kathryn,Simmons,Simmons.Kathryn@datacompany.com,+1-940-607-1666x837,10104 Bradley Villages,Bradleymouth,Alaska,46296
MR84,DRogers LLC,Dean,Rogers,Rogers.Dean@datacompany.com,001-061-195-8984x9700,48149 Jacobson Shore Apt. 757,New Andrewhaven,Illinois,30401
BX88,TMurphy LLC,Toni,Murphy,Murphy.Toni@datacompany.com,474-354-9967x568,664 Alice Avenue,South Austin,Hawaii,53483
CQ00,MGarcia LLC,Michael,Garcia,Garcia.Michael@datacompany.com,001-041-133-4852x82152,87870 Kaitlin Roads Suite 983,Matthewport,Wyoming,12870
DQ22,RSmith LLC,Richard,Smith,Smith.Richard@datacompany.com,488-165-7974x1200,837 Jensen Court,North Brittany,Georgia,37644
LK68,TRowe LLC,Tracy,Rowe,Rowe.Tracy@datacompany.com,(706)617-5769,701 Jonathan Parkway Suite 325,Russellfurt,Louisiana,53355
FA59,TDennis LLC,Teresa,Dennis,Dennis.Teresa@datacompany.com,9204076421,09112 White Estate,Brianchester,Nebraska,28406
NQ30,EClark LLC,Erica,Clark,Clark.Erica@datacompany.com,393-659-7224x296,5334 Todd Landing Apt. 980,New Kendra,Oklahoma,87950
XN44,DTaylor LLC,David,Taylor,Taylor.David@datacompany.com,228-370-9633,2829 Rocha Port,East Gregoryburgh,Delaware,14318
NR45,EBell LLC,Erica,Bell,Bell.Erica@datacompany.com,(888)228-4795x182,450 Fisher Center,South Reneeville,Pennsylvania,44000
XE77,DWard LLC,Dawn,Ward,Ward.Dawn@datacompany.com,451-843-7826x5904,1123 Tammy Island Apt. 038,West Katelynmouth,Wisconsin,64918
CM24,JWalters LLC,Jason,Walters,Walters.Jason@datacompany.com,527.636.6773,3583 Allen Center Suite 197,South Christian,South Carolina,68907
UH07,AMartin LLC,Amy,Martin,Martin.Amy@datacompany.com,2672257391,83069 Riley Route,East Nicole,Hawaii,30525
VT72,TWeeks LLC,Theresa,Weeks,Weeks.Theresa@datacompany.com,+1-819-849-8628x89496,93684 Joe Pike,South Johnathan,Idaho,81424
US34,KCase LLC,Karen,Case,Case.Karen@datacompany.com,082.930.8895x8271,7851 Fry Circles Suite 812,Anthonyland,New York,99765
GO52,SBurke LLC,Sarah,Burke,Burke.Sarah@datacompany.com,(391)123-7783,9547 Allison Hollow,Matthewshire,Minnesota,99524
FE15,PCooper LLC,Pamela,Cooper,Cooper.Pamela@datacompany.com,001-492-243-5785x78389,760 Christopher Square,West Tonihaven,Alabama,56231
LJ68,CWilson LLC,Cody,Wilson,Wilson.Cody@datacompany.com,946.556.1682,114 Romero Park Apt. 762,Port Alvin,Rhode Island,17118
MV13,AWeber LLC,Abigail,Weber,Weber.Abigail@datacompany.com,(993)661-2960,95547 Patrick Branch Apt. 755,Torreschester,Kentucky,70826
NF65,JHernandez LLC,Jennifer,Hernandez,Hernandez.Jennifer@datacompany.com,(725)822-9108x7254,41193 Spears Stravenue Apt. 749,Port Karen,Washington,05374
HY37,BEdwards LLC,Becky,Edwards,Edwards.Becky@datacompany.com,+1-204-068-8432,007 Franco Throughway Apt. 043,Davidport,Virginia,10918
FB56,MTaylor LLC,Mario,Taylor,Taylor.Mario@datacompany.com,106-159-8863x0939,1849 Mendoza Lock Suite 262,Port Michaelchester,Oklahoma,72625
TV14,TJohnson LLC,Tiffany,Johnson,Johnson.Tiffany@datacompany.com,(217)826-1648x1170,127 Cristina Vista Suite 714,Greenshire,Louisiana,30173
BP26,HEvans LLC,Hayden,Evans,Evans.Hayden@datacompany.com,001-621-644-4711,7355 Christine Hill,West Kaitlin,Alaska,10256
SR46,RRay LLC,Richard,Ray,Ray.Richard@datacompany.com,941.425.7342,40780 Colleen Cape Suite 735,New Justinview,Illinois,47671
MD29,MAnderson LLC,Michael,Anderson,Anderson.Michael@datacompany.com,999-997-6096,89787 Robert Falls Suite 650,North Maria,Nebraska,51719
QP73,RMorrison LLC,Robert,Morrison,Morrison.Robert@datacompany.com,001-548-573-6928x29041,087 Monica Village Suite 691,North Amberborough,Wyoming,19421
ST48,ARussell LLC,Andrea,Russell,Russell.Andrea@datacompany.com,001-389-666-5970x4131,120 Acosta Vista,Richardsonton,Kentucky,28879
LN28,GArmstrong LLC,George,Armstrong,Armstrong.George@datacompany.com,(950)537-7406x560,553 Bolton Knolls,Lake Ashleyside,Alabama,24093
NE47,KTorres LLC,Kristen,Torres,Torres.Kristen@datacompany.com,950-279-4141x21094,7150 Monica Union,Vargasbury,New Mexico,96879
WW69,KBrandt LLC,Katherine,Brandt,Brandt.Katherine@datacompany.com,001-846-864-7302,8096 Lisa Street Suite 636,North Jorgeborough,Arizona,89220
BR99,CEvans LLC,Cindy,Evans,Evans.Cindy@datacompany.com,448.694.3654x240,30661 Teresa Mission,Halemouth,Oklahoma,60585
QL13,RBrown LLC,Robert,Brown,Brown.Robert@datacompany.com,001-035-751-5377x5187,3442 Davis Junction,West Lisaside,Florida,43551
MD83,GAllen LLC,Gregory,Allen,Allen.Gregory@datacompany.com,+1-930-062-5209,2096 Whitney Union,Port Danielshire,Wyoming,30791
BF62,KHenderson LLC,Katelyn,Henderson,Henderson.Katelyn@datacompany.com,561-140-0849,2518 Kenneth Knolls,Webbside,Illinois,25067
RW94,JScott LLC,Jennifer,Scott,Scott.Jennifer@datacompany.com,+1-332-236-1386x723,222 Jeffery River Suite 188,Port Robertside,North Dakota,81321
XF83,CDavis LLC,Christopher,Davis,Davis.Christopher@datacompany.com,394-454-7655x5676,906 Fisher Route,Richshire,Indiana,80496
QP44,KPerez LLC,Kim,Perez,Perez.Kim@datacompany.com,+1-271-016-1997,226 Franklin Mountains Suite 794,Lake Angelaburgh,Missouri,86165
LW39,SHill LLC,Sean,Hill,Hill.Sean@datacompany.com,547-125-6158,829 Sarah Ridge,East Danielle,Arizona,62902
ZP77,SHoward LLC,Sabrina,Howard,Howard.Sabrina@datacompany.com,251.410.3766,938 Webb Harbor,South Haroldfort,Wisconsin,71550
WT67,SRobinson LLC,Stephanie,Robinson,Robinson.Stephanie@datacompany.com,001-118-515-9644x235,13315 George Square,Maloneland,South Carolina,93756
IC11,RFoster LLC,Rebecca,Foster,Foster.Rebecca@datacompany.com,001-954-165-9067x2796,37000 Cox Lane,Kimhaven,Rhode Island,97873
BM20,CColeman LLC,Cameron,Coleman,Coleman.Cameron@datacompany.com,572-619-8570x9505,946 Wagner Stravenue Apt. 953,South Karen,Mississippi,68509
WM69,DSandoval LLC,David,Sandoval,Sandoval.David@datacompany.com,(833)741-5703,68792 Patterson Square Suite 566,Richardsonchester,Texas,79131
IG32,JMartin LLC,James,Martin,Martin.James@datacompany.com,(446)198-4239x39088,80560 Wilkinson Center Suite 767,New Jake,Nebraska,53478
AW26,THensley LLC,Thomas,Hensley,Hensley.Thomas@datacompany.com,+1-840-688-0358x69283,645 Gill Isle,West Jamieberg,New York,37696
HI45,TSanchez LLC,Travis,Sanchez,Sanchez.Travis@datacompany.com,090.544.0311,0147 Ramirez Squares Suite 298,Lake John,Washington,18652
QA55,RMartin LLC,Raven,Martin,Martin.Raven@datacompany.com,+1-807-991-0194x11260,1530 Kathleen Ports Suite 350,New Markfurt,Alaska,89665
EB48,JReed LLC,Jeffrey,Reed,Reed.Jeffrey@datacompany.com,826-110-0859,028 Devin Rapid,Kelleyborough,New Mexico,92600
DV48,ARamirez LLC,Alan,Ramirez,Ramirez.Alan@datacompany.com,001-056-694-9442x5846,69778 Morgan Circle,Rodrigueztown,Ohio,78352
OZ98,NHoward LLC,Nicole,Howard,Howard.Nicole@datacompany.com,976.415.4262x079,68158 Christensen Cliffs Suite 153,Lisaland,New York,46867
GT36,ACruz LLC,Austin,Cruz,Cruz.Austin@datacompany.com,8724477844,7017 Christopher Lane,New Sandra,Delaware,15641
AK56,KMcmillan LLC,Kyle,Mcmillan,Mcmillan.Kyle@datacompany.com,719-877-9681x236,8307 Eaton Trafficway Apt. 409,Lake Rebekahfort,Tennessee,25131
BW57,WMccoy LLC,William,Mccoy,Mccoy.William@datacompany.com,573-458-6352x35397,070 Porter Mountain Suite 818,South Jeremiah,Wisconsin,86546
AI27,JHernandez LLC,Jason,Hernandez,Hernandez.Jason@datacompany.com,079.565.1684x0391,785 Martin Knolls Apt. 039,Johnsonstad,Colorado,09802
HS86,EGibson LLC,Erin,Gibson,Gibson.Erin@datacompany.com,5827592096,06976 Cervantes Throughway,Danielbury,Connecticut,73314
VA57,CSwanson LLC,Christina,Swanson,Swanson.Christina@datacompany.com,001-385-286-1949x05665,4578 Ryan Islands Apt. 530,Kristiburgh,Hawaii,31378
UD62,JLeonard LLC,Joshua,Leonard,Leonard.Joshua@datacompany.com,373.259.1901x532,03911 Bradley Pine Apt. 358,Port Kimberlyland,New York,77024
RY59,KBarnes LLC,Kari,Barnes,Barnes.Kari@datacompany.com,878.017.3354,24848 Jimenez Shores,East Krista,Minnesota,68417
GO74,JBauer LLC,Jeffrey,Bauer,Bauer.Jeffrey@datacompany.com,001-786-717-3270x243,67205 Osborne Keys Apt. 338,Matthewfort,Arizona,94865
TM81,ESanders LLC,Erin,Sanders,Sanders.Erin@datacompany.com,096-561-0866x1128,94909 Omar Valley Apt. 654,New Williamview,Kansas,97312
QV27,THarrison LLC,Tina,Harrison,Harrison.Tina@datacompany.com,+1-090-221-6658x41387,843 Mary Neck Apt. 912,New Julie,Virginia,42004
FW65,JHamilton LLC,Jaime,Hamilton,Hamilton.Jaime@datacompany.com,541.362.0437,7303 Fitzpatrick Branch,Lake Sarahside,Connecticut,45180
ZY62,EScott LLC,Eric,Scott,Scott.Eric@datacompany.com,001-416-511-3613x36248,0494 Travis Lodge Apt. 985,Andrewborough,Illinois,10544
LO42,RLee LLC,Rachel,Lee,Lee.Rachel@datacompany.com,257.687.1950x559,845 Lauren Tunnel Suite 497,West Kimberlyhaven,Louisiana,75310
OM72,MHarrison LLC,Marcus,Harrison,Harrison.Marcus@datacompany.com,567.021.0126,83948 Smith Parkways,Jasonmouth,California,08021
FP22,THill LLC,Timothy,Hill,Hill.Timothy@datacompany.com,089-656-2758x26599,64583 Robinson Islands,South Beverlyberg,New Mexico,31046
ZW19,MMoyer LLC,Mark,Moyer,Moyer.Mark@datacompany.com,001-144-098-2137x1801,6329 Mclaughlin Squares Apt. 197,Ryanchester,New York,63763
MR93,CMason LLC,Christopher,Mason,Mason.Christopher@datacompany.com,865.117.3184,902 Paul Walks Apt. 235,New Darin,New Jersey,49241
QA43,CSanchez LLC,Christine,Sanchez,Sanchez.Christine@datacompany.com,756-405-5221x863,3983 Rubio Alley,Gardnerfort,North Carolina,65904
AH32,KFlores LLC,Kyle,Flores,Flores.Kyle@datacompany.com,894.074.4947x83534,321 Kenneth Drives Apt. 795,Jenniferberg,Pennsylvania,44564
UA86,KMooney LLC,Kimberly,Mooney,Mooney.Kimberly@datacompany.com,284.667.0098x82148,0204 Judy Summit,South Darryl,Utah,64454
ZH41,JPeterson LLC,Johnny,Peterson,Peterson.Johnny@datacompany.com,(296)782-6257,350 Sanchez Gardens,Donaldtown,Illinois,04128
LY21,LAndrews LLC,Lisa,Andrews,Andrews.Lisa@datacompany.com,0901072853,331 Garza Port Apt. 856,Matthewside,Colorado,60427
OX41,GDelgado LLC,Gail,Delgado,Delgado.Gail@datacompany.com,624-523-8614,1020 Angela Burgs,West Derektown,Utah,58423
KE66,KTorres LLC,Kaitlyn,Torres,Torres.Kaitlyn@datacompany.com,390.393.7684,1501 Willie Knolls Suite 109,Lake Ryantown,Indiana,85739
TD62,SFletcher LLC,Stephanie,Fletcher,Fletcher.Stephanie@datacompany.com,7516716954,20171 Abbott Common,North Devin,Arizona,28673
DG20,LCampbell LLC,Lisa,Campbell,Campbell.Lisa@datacompany.com,933.365.4027x4554,0738 Cheryl Mews Apt. 730,Lake Gabriel,Arkansas,66844
IK79,JVaughn LLC,Jessica,Vaughn,Vaughn.Jessica@datacompany.com,+1-645-029-5705x284,2587 Malone Glen,Johnbury,Wisconsin,74750
KF45,KSmith LLC,Kendra,Smith,Smith.Kendra@datacompany.com,107-592-4270x8096,382 Porter Ville Apt. 799,Nielsenburgh,Wisconsin,77951
IB75,AMaldonado LLC,Andrew,Maldonado,Maldonado.Andrew@datacompany.com,(235)606-7437,9274 Chambers Parkways Suite 465,New Michaelstad,Ohio,70170
GU59,CTorres LLC,Corey,Torres,Torres.Corey@datacompany.com,001-861-267-3238x7711,800 Christopher Island Apt. 148,Ortizmouth,Maine,31883
SZ03,DBradley LLC,Debra,Bradley,Bradley.Debra@datacompany.com,+1-924-913-3776x76252,74065 Long Lake,New Amy,Nevada,94545
UY06,APetersen LLC,Andrea,Petersen,Petersen.Andrea@datacompany.com,001-676-611-0161x3703,219 Gregory Alley Apt. 970,Kaylaside,Nebraska,32516
BG96,RGriffin LLC,Randall,Griffin,Griffin.Randall@datacompany.com,001-723-024-8331x5782,325 Sullivan Row,Kimberlyburgh,California,33023
EV23,LEdwards LLC,Lauren,Edwards,Edwards.Lauren@datacompany.com,636.285.4523,101 Valentine Centers,Port Tyler,Iowa,14339
QG02,SSchneider LLC,Steven,Schneider,Schneider.Steven@datacompany.com,001-577-304-1086x0308,71144 William Key,Williamsland,Utah,62422
PC15,DFoster LLC,Denise,Foster,Foster.Denise@datacompany.com,001-907-709-8179x93290,578 Sydney Crossroad,Deckermouth,California,80422
XN86,LBrown LLC,Lisa,Brown,Brown.Lisa@datacompany.com,542-947-8789x13001,17542 Hale Roads,West Patrickfort,Hawaii,79638
SG77,CNguyen LLC,Cheryl,Nguyen,Nguyen.Cheryl@datacompany.com,1941366290,60003 Potter Corners,Alexandramouth,New Jersey,31546
IZ00,JReed LLC,Jeanette,Reed,Reed.Jeanette@datacompany.com,001-491-450-8747x8172,3798 Jensen Glens Apt. 373,Archerfort,New York,72394
ZQ19,CShort LLC,Carlos,Short,Short.Carlos@datacompany.com,868-222-0973,81874 April Shore,Denniston,Missouri,71497
VX19,RHicks LLC,Rebekah,Hicks,Hicks.Rebekah@datacompany.com,001-015-788-6717,1415 Ryan Isle Apt. 932,Lake Angelaville,Wyoming,69083
