[
    {
        "TeacherID": 101,
        "RoomID": 1101,
        "FirstName": "John",
        "LastName": "Adams"
    },
    {
        "TeacherID": 102,
        "RoomID": 1204,
        "FirstName": "James",
        "LastName": "Madison"
    },
    {
        "TeacherID": 103,
        "RoomID": 105,
        "FirstName": "Martin",
        "LastName": "Buren"
    },
    {
        "TeacherID": 104,
        "RoomID": 402,
        "FirstName": "Zachary",
        "LastName": "Taylor"
    },
    {
        "TeacherID": 105,
        "RoomID": 729,
        "FirstName": "Millard",
        "LastName": "Fillmore"
    },
    {
        "TeacherID": 106,
        "RoomID": 1097,
        "FirstName": "Franklin",
        "LastName": "Pierce"
    },
    {
        "TeacherID": 107,
        "RoomID": 954,
        "FirstName": "Benjamin",
        "LastName": "Harrison"
    },
    {
        "TeacherID": 108,
        "RoomID": 880,
        "FirstName": "James",
        "LastName": "Monroe"
    },
    {
        "TeacherID": 109,
        "RoomID": 222,
        "FirstName": "John",
        "LastName": "Tyler"
    },
    {
        "TeacherID": 110,
        "RoomID": 101,
        "FirstName": "Andrew",
        "LastName": "Johnson"
    }
]