﻿<data>
  <row>
    <TeacherID>101</TeacherID>
    <RoomID>1101</RoomID>
    <FirstName>John</FirstName>
    <LastName>Adams</LastName>
  </row>
  <row>
    <TeacherID>102</TeacherID>
    <RoomID>1204</RoomID>
    <FirstName>James</FirstName>
    <LastName>Madison</LastName>
  </row>
  <row>
    <TeacherID>103</TeacherID>
    <RoomID>105</RoomID>
    <FirstName>Martin</FirstName>
    <LastName>Buren</LastName>
  </row>
  <row>
    <TeacherID>104</TeacherID>
    <RoomID>402</RoomID>
    <FirstName>Zachary</FirstName>
    <LastName>Taylor</LastName>
  </row>
  <row>
    <TeacherID>105</TeacherID>
    <RoomID>729</RoomID>
    <FirstName>Millard</FirstName>
    <LastName>Fillmore</LastName>
  </row>
  <row>
    <TeacherID>106</TeacherID>
    <RoomID>1097</RoomID>
    <FirstName>Franklin</FirstName>
    <LastName>Pierce</LastName>
  </row>
  <row>
    <TeacherID>107</TeacherID>
    <RoomID>954</RoomID>
    <FirstName>Benjamin</FirstName>
    <LastName>Harrison</LastName>
  </row>
  <row>
    <TeacherID>108</TeacherID>
    <RoomID>880</RoomID>
    <FirstName>James</FirstName>
    <LastName>Monroe</LastName>
  </row>
  <row>
    <TeacherID>109</TeacherID>
    <RoomID>222</RoomID>
    <FirstName>John</FirstName>
    <LastName>Tyler</LastName>
  </row>
  <row>
    <TeacherID>110</TeacherID>
    <RoomID>101</RoomID>
    <FirstName>Andrew</FirstName>
    <LastName>Johnson</LastName>
  </row>
</data>